官LINE➡️我要付款➡️匯定帳號：[13](場販/連線)➡️匯款備註：[(你的暱稱)匯定],,,,,,,,,,,FALSE,FALSE,,W9,,,
,,,,,,,總數量,,0,FALSE,FALSE,FALSE,,,,,
目前已收款項,目前已收款項,,,7682,0,7682,,,,FALSE,FALSE,FALSE,,,,,
,,,,8531,8377,16908,,,601833,FALSE,FALSE,FALSE,,,,,
喊單序,尾款日,付定日,對帳,定金50%,尾款50%,購買總額,團友,品項,日幣原價,已採購,抵台,出貨狀態,購買地點,對,IP,喊單日,
229,,員購,FALSE,168,168,336,70,里維Q立,1200,TRUE,TRUE,TRUE,駿河屋,,進巨,,
14,,,FALSE,0,0,0,［Hsuan］,扭蛋-蜘蛛人*2,1000,FALSE,FALSE,FALSE,難波,缺貨,扭蛋/抽卡,1/7,
18,,1/12,TRUE,150,0,150,［Hsuan］,扭蛋-海賊王迷你模型*1（紅髮）,500,TRUE,TRUE,TRUE,難波,賴配,扭蛋/抽卡,1/7,原2紅髮，1給Eren
257,,1/14,TRUE,196,196,392,00蹲A.C賞,蜜璃2021萬聖Q立,1400,TRUE,TRUE,TRUE,駿河屋,台新/62701,鬼滅,,
258,,1/14,TRUE,126,126,252,00蹲A.C賞,小芭內2021萬聖Q立,900,TRUE,TRUE,TRUE,駿河屋,台新/62701,鬼滅,,
68,,1/14,TRUE,196,196,392,00蹲AC賞,小芭內-熊耳Q立,1400,TRUE,TRUE,TRUE,駿河屋,台新/62701,鬼滅,1/7,
43,,1/12,TRUE,180,180,360,13（團友）,扭蛋-我英零錢包*3（麗日、相澤、轟）,1200,TRUE,TRUE,TRUE,千日前,台新/17010,扭蛋/抽卡,1/7,
44,,1/12,TRUE,120,120,240,13（團友）,扭蛋-杯緣狗狗*2（雪納瑞*2）,800,TRUE,TRUE,TRUE,千日前,台新/17010,扭蛋/抽卡,1/7,
59,,1/12,TRUE,280,280,560,13（團友）,艾爾文-手向前抓徽章,2000,TRUE,TRUE,TRUE,駿河屋,台新/17010,進巨,1/7,
149,,1/12,TRUE,462,462,924,13（團友）,南雲-散步特大立牌,3300,TRUE,TRUE,TRUE,安美,台新/17010,坂本,1/9,
150,,1/12,TRUE,154,154,308,13（團友）,南雲-散步大徽章,1100,TRUE,TRUE,TRUE,安美,台新/17010,坂本,1/9,
151,,1/12,TRUE,339,339,678,13（團友）,南雲-娃娃,2420,TRUE,TRUE,TRUE,安美,台新/17010,坂本,1/9,
152,,,FALSE,0,0,0,13（團友）,南雲-橘色外套立牌,,FALSE,FALSE,FALSE,安美,缺貨,坂本,1/9,
154,,1/12,TRUE,231,231,462,13（團友）,南雲立牌,1650,TRUE,TRUE,TRUE,Jump Shop,台新/17010,坂本,1/9,
194,,1/12,TRUE,224,224,448,13（團友）,南雲立牌,1600,TRUE,TRUE,TRUE,駿河屋,台新/17010,坂本,,
296,,1/12,TRUE,31,31,62,一一,賈碧名牌,220,TRUE,TRUE,TRUE,K-BOOKS,台新/60371,進巨,,
163,,1/16,TRUE,124,123,247,小石頭,義勇台詞貼紙,880,TRUE,TRUE,TRUE,安美,,鬼滅,1/9,
164,,1/16,TRUE,231,231,462,小石頭,義勇燙金立牌,1650,TRUE,TRUE,TRUE,安美,,鬼滅,1/9,
165,,,FALSE,0,0,0,小石頭,義勇燙金徽章,,FALSE,FALSE,FALSE,安美,缺貨,鬼滅,1/9,
62,,2/6,TRUE,112,112,224,小李,艾爾文-唐吉訶德遊樂園海報,800,TRUE,TRUE,TRUE,駿河屋,,進巨,1/7,
293,,2/6,TRUE,308,308,616,小李,艾爾文高腳椅立牌,2200,TRUE,TRUE,TRUE,K-BOOKS,,進巨,,
119,,,FALSE,0,0,0,小妍,芙莉蓮拿手杖信箋原畫貼紙盲抽,660,FALSE,FALSE,FALSE,安美,缺貨,其他IP,1/8,
120,,,FALSE,0,0,0,小妍,勇者小隊信箋原畫貼紙盲抽,660,FALSE,FALSE,FALSE,安美,缺貨,其他IP,1/8,
79,,1/16,TRUE,678,678,1356,北媽咪,秋天使徽章盲抽抱盒,4840,TRUE,TRUE,TRUE,大交流展,,鏈鋸人,1/8,
34,,,FALSE,278,277,555,奶糕,烏薩奇娃娃,1980,TRUE,TRUE,FALSE,南海通,,其他IP,1/7,
35,,,FALSE,124,123,247,奶糕,烏薩奇鑰匙圈,880,TRUE,TRUE,FALSE,南海通,,其他IP,1/7,
36,,,FALSE,447,447,894,奶糕,睡衣烏薩奇娃娃,3190,TRUE,TRUE,FALSE,南海通,,其他IP,1/7,
262,,1/9,TRUE,350,350,700,布丁,雲雀摸頭立牌,2500,TRUE,TRUE,TRUE,駿河屋,中信/43866,其他IP,,
63,,1/12,TRUE,434,434,868,安柏,漢吉-公咖吃肉立牌,3100,TRUE,TRUE,TRUE,駿河屋,台新/09465,進巨,1/7,
106,,1/12,TRUE,294,294,588,安柏,時透-彈烏克麗麗Q立,2100,TRUE,TRUE,TRUE,駿河屋,台新/09465,鬼滅,1/8,
107,,1/12,TRUE,280,280,560,安柏,小芭內2023-二次元之森吊飾小立牌,2000,TRUE,TRUE,TRUE,駿河屋,台新/09465,鬼滅,1/8,
108,,1/12,TRUE,210,210,420,安柏,小芭內-2023收穫祭Q立,1500,TRUE,TRUE,TRUE,駿河屋,台新/09465,鬼滅,1/8,
159,,1/12,TRUE,154,154,308,安柏,乙骨浴衣立牌,1100,TRUE,TRUE,TRUE,駿河屋,台新/09465,咒術,1/9,
160,,1/12,TRUE,210,210,420,安柏,乙骨圍裙立牌,1500,TRUE,TRUE,TRUE,駿河屋,台新/09465,咒術,1/9,
161,,1/12,TRUE,350,350,700,安柏,狗卷抬一隻腳立牌,2500,TRUE,TRUE,TRUE,駿河屋,台新/09465,咒術,1/9,
162,,1/12,TRUE,322,322,644,安柏,狗卷2023名場面立牌,2300,TRUE,TRUE,TRUE,駿河屋,台新/09465,咒術,1/9,
166,,1/12,TRUE,126,126,252,安柏,真希小立牌,900,TRUE,TRUE,TRUE,駿河屋,台新/09465,咒術,1/9,
167,,1/12,TRUE,154,154,308,安柏,乙骨小立牌,1100,TRUE,TRUE,TRUE,駿河屋,台新/09465,咒術,1/9,
212,,1/12,TRUE,278,277,555,安柏,乙骨立牌,1980,TRUE,TRUE,TRUE,安美,台新/09465,咒術,,
213,,1/12,TRUE,210,210,420,安柏,伊黑聖誕小立牌,1500,TRUE,TRUE,TRUE,駿河屋,台新/09465,咒術,,
240,,1/12,TRUE,196,196,392,安柏,真希立牌,1400,TRUE,TRUE,TRUE,駿河屋,台新/09465,咒術,,
241,,,FALSE,0,0,0,安柏,狗卷立牌,1500,FALSE,FALSE,FALSE,駿河屋,缺貨,咒術,,
255,,1/12,TRUE,350,350,700,安柏,忍 任務行腳立牌,2500,TRUE,TRUE,TRUE,駿河屋,台新/09465,鬼滅,,
273,,,FALSE,0,0,0,安柏,忍全集中展立牌,2500,FALSE,FALSE,FALSE,駿河屋,已被喊走,鬼滅,,
93,,1/12,TRUE,77,77,154,灰色,鏈鋸小卡盲抽*1(波奇塔),550,TRUE,TRUE,TRUE,大交流展,中信/81291,鏈鋸人,1/8,
189,,1/12,TRUE,450,450,900,灰色,福袋一包,3000,TRUE,TRUE,TRUE,安美,中信/81291,扭蛋/抽卡,,
228,,1/12,TRUE,168,168,336,灰色,里維酷企鵝憶起打掃立牌,1200,TRUE,TRUE,TRUE,駿河屋,中信/81291,進巨,,
283,,1/12,TRUE,210,210,420,灰色,義勇正臉金屬徽章,1500,TRUE,TRUE,TRUE,駿河屋,中信/81291,鬼滅,,
10,,1/14,TRUE,75,75,150,依珊,扭蛋-蜘蛛人*1（看報紙）,500,TRUE,TRUE,TRUE,難波,中信無卡,扭蛋/抽卡,1/7,
97,,1/14,TRUE,125,122,247,依珊,伊藤潤二-貓咪立牌,880,TRUE,TRUE,TRUE,伊藤潤二快閃,中信無卡,其他IP,1/8,
348,,取付,TRUE,120,120,240,周那,扭蛋-我英零錢包*1（相澤）,800,TRUE,TRUE,TRUE,難波,,扭蛋/抽卡,,
67,,1/16,TRUE,336,336,672,林子,艾連-帕恰狗立牌,2400,TRUE,TRUE,TRUE,駿河屋,,鬼滅,1/7,
17,,1/12,TRUE,120,120,240,果派,扭蛋-Pingu束口袋*2（看右邊、笑笑眼）,800,TRUE,TRUE,TRUE,難波,台新/42944,扭蛋/抽卡,1/7,
83,,1/12,TRUE,585,586,1171,果派,荼毘、死柄木壓克力小磚,4180,TRUE,TRUE,TRUE,大交流展,台新/42944,我英,1/8,
84,,1/12,TRUE,185,185,370,果派,荼毘、死柄木資料夾,1320,TRUE,TRUE,TRUE,大交流展,台新/42944,我英,1/8,
85,,1/12,TRUE,231,231,462,果派,死柄木立牌,1650,TRUE,TRUE,TRUE,大交流展,台新/42944,我英,1/8,
195,,,FALSE,0,0,0,果派,地獄樂 弔兵衛抬頭娃,2000,FALSE,FALSE,FALSE,駿河屋,缺貨,其他IP,,
111,,1/12,TRUE,168,168,336,屎蒨,香奈乎-2024海之家Q立,1200,TRUE,TRUE,TRUE,駿河屋,台新/66381,鬼滅,1/8,
112,,1/12,TRUE,364,364,728,屎蒨,香奈乎-全集中展兵庫場限定立牌,2600,TRUE,TRUE,TRUE,駿河屋,台新/66381,鬼滅,1/8,
115,,1/12,TRUE,392,392,784,屎蒨,胡蝶忍 CharaDri！Q立,2800,TRUE,TRUE,TRUE,駿河屋,台新/66381,鬼滅,1/8,
158,,1/12,TRUE,238,238,476,屎蒨,炭治郎茶杯,1700,TRUE,TRUE,TRUE,Jump Shop,台新/66381,鬼滅,1/9,
204,,1/12,TRUE,252,252,504,屎蒨,禰豆子幕間立牌(白底),1800,TRUE,TRUE,TRUE,駿河屋,台新/66381,鬼滅,,
205,,1/12,TRUE,210,210,420,屎蒨,炭治郎幕間立牌(紅底),1500,TRUE,TRUE,TRUE,駿河屋,台新/66381,鬼滅,,
216,,1/12,TRUE,140,140,280,屎蒨,香奈乎抱小熊立牌,1000,TRUE,TRUE,TRUE,駿河屋,台新/66381,鬼滅,,
265,,1/12,TRUE,336,336,672,屎蒨,忍龍年立牌,2400,TRUE,TRUE,TRUE,駿河屋,台新/66381,鬼滅,,
266,,1/12,TRUE,336,336,672,屎蒨,胡蝶姊妹色紙,2400,TRUE,TRUE,TRUE,駿河屋,台新/66381,鬼滅,,
270,,1/12,TRUE,350,350,700,屎蒨,忍全集中展立牌,2500,TRUE,TRUE,TRUE,駿河屋,台新/66381,鬼滅,,
276,,1/12,TRUE,280,280,560,屎蒨,香奈乎澆花Q立,2000,TRUE,TRUE,TRUE,駿河屋,台新/66381,鬼滅,,
277,,1/12,TRUE,168,168,336,屎蒨,香奈乎萬聖Q立,1200,TRUE,TRUE,TRUE,駿河屋,台新/66381,鬼滅,,
278,,,TRUE,0,0,0,屎蒨,香奈乎2022聖誕Q立,1300,FALSE,FALSE,FALSE,駿河屋,台新/66381,鬼滅,,
282,,1/12,TRUE,224,224,448,屎蒨,蜜璃2022萬聖立牌,1600,TRUE,TRUE,TRUE,駿河屋,台新/66381,鬼滅,,
21,,,FALSE,0,0,0,柯柯柯,扭蛋-NANA唱片*3,900,FALSE,FALSE,FALSE,難波,取消喊單,扭蛋/抽卡,1/7,取消喊單
345,,1/12,TRUE,300,300,600,柯柯柯,銀魂相卡*10,2000,TRUE,TRUE,TRUE,全家,台新/00599,相卡,,
23,,2/11,TRUE,60,60,120,胖胖,扭蛋-我英零錢包*1(心操),400,TRUE,TRUE,TRUE,難波,,扭蛋/抽卡,1/7,
26,,1/13,TRUE,200,40,240,香噴噴漢吉,扭蛋-Pingu束口袋*2,800,TRUE,TRUE,TRUE,難波,台新無卡,扭蛋/抽卡,1/7,
27,,,FALSE,0,0,0,宸,扭蛋-哈利波特道具模型*2,1000,FALSE,FALSE,FALSE,難波,缺貨,扭蛋/抽卡,1/7,
41,,,FALSE,0,0,0,宸,皮克敏泡澡球*3,1500,FALSE,FALSE,FALSE,南海通,未購入,其他IP,1/7,
76,,1/12,TRUE,185,0,185,宸,天使資料夾,660,TRUE,TRUE,TRUE,大交流展,中信/16362,鏈鋸人,1/8,
77,,1/12,TRUE,678,0,678,宸,秋天使徽章盲抽*4（秋、天使、秋天使、鐳射秋）,2420,TRUE,TRUE,TRUE,大交流展,中信/16362,鏈鋸人,1/8,
88,,1/12,TRUE,1510,0,1510,宸,防風大透卡盲抽*7(櫻遙/梶蓮/蘇枋*2/榆井*2/椿野),5390,TRUE,TRUE,TRUE,大交流展,中信/16362,防風,1/8,蘇枋4抽(一抽給YUUUUU、一抽給蔡蔡)
264,,1/12,TRUE,336,0,336,宸,梶蓮回頭立牌,1200,TRUE,TRUE,TRUE,駿河屋,中信/16362,防風,,
332,,1/12,TRUE,647,0,647,宸,防風透卡盲抽*3(梅宮/杉下/桐生),2310,TRUE,TRUE,TRUE,大交流展,中信/16362,防風,,
333,,,FALSE,0,0,0,宸,防風盲抽,2200,FALSE,FALSE,FALSE,安美,未購入,防風,,
45,,1/13,TRUE,180,180,360,座敷童子,扭蛋-NANA唱片*4 ( 2、7、4 、11),1200,TRUE,TRUE,TRUE,千日前,中信/69000,扭蛋/抽卡,1/7,
25,,1/12,TRUE,300,0,300,恩恩,扭蛋-海賊王迷你模型*2（魯夫、艾斯）,1000,TRUE,TRUE,TRUE,難波,台新/06068,扭蛋/抽卡,1/7,扭到紅髮再+1
29,,1/12,TRUE,278,0,278,恩恩,盲抽-海賊貓貓,990,TRUE,TRUE,TRUE,南海通,台新/06068,其他IP,1/7,不是魯夫再+1
100,,1/12,TRUE,462,0,462,恩恩,蕾潔-半身立牌,1650,TRUE,TRUE,TRUE,大交流展,台新/06068,鏈鋸人,1/8,
182,,1/12,TRUE,308,0,308,恩恩,艾斯、喬巴生日徽章,1100,TRUE,TRUE,TRUE,Jump Shop,台新/06068,其他IP,,
183,,1/12,TRUE,493,0,493,恩恩,魯夫、索隆立牌盲抽,1760,TRUE,TRUE,TRUE,Jump Shop,台新/06068,其他IP,,
186,,1/12,TRUE,770,0,770,恩恩,魯夫壓克力收納箱,2750,TRUE,TRUE,TRUE,Jump Shop,台新/06068,其他IP,,
193,,1/12,TRUE,932,20,952,恩恩,薩波抬頭娃,3400,TRUE,TRUE,TRUE,駿河屋,台新/06068,其他IP,,
279,,,FALSE,0,0,0,恩恩,炭子豆眼公仔,1700,FALSE,FALSE,FALSE,駿河屋,超過預算,鬼滅,,
280,,,FALSE,0,0,0,恩恩,大哥豆眼公仔,1100,FALSE,FALSE,FALSE,駿河屋,已被喊走,鬼滅,,
73,,1/11,TRUE,154,154,308,柴,鏈鋸小卡盲抽*2（炸彈、淀治）,1100,TRUE,TRUE,TRUE,大交流展,中信/33277,鏈鋸人,1/8,
74,,,FALSE,0,0,0,柴,小波奇塔立牌,1100,FALSE,FALSE,FALSE,大交流展,缺貨,鏈鋸人,1/8,
81,,1/11,TRUE,231,231,462,柴,鏈鋸小卡盲抽*3（炸彈、秋、天使）,1650,TRUE,TRUE,TRUE,大交流展,中信/33277,鏈鋸人,1/8,
82,,1/11,TRUE,201,200,401,柴,蕾潔透明海報,1430,TRUE,TRUE,TRUE,大交流展,中信/33277,鏈鋸人,1/8,
90,,1/11,TRUE,231,231,462,柴,鏈鋸小卡盲抽*3(帕瓦、秋、鯊魚),1650,TRUE,TRUE,TRUE,大交流展,中信/33277,鏈鋸人,1/8,
92,,1/11,TRUE,247,246,493,柴,鏈鋸鏡面小相框盲抽*2(蕾潔、淀治),1760,TRUE,TRUE,TRUE,大交流展,中信/33277,鏈鋸人,1/8,
99,,1/12,TRUE,1202,1201,2403,專收亞妮,鏈鋸透明海報（淀/蕾/真/秋/帕/鋸）,8580,TRUE,TRUE,TRUE,大交流展,台新/56629,鏈鋸人,1/8,
132,,,FALSE,0,0,0,悠子,勇者小隊信箋原畫貼紙盲抽*2,1320,FALSE,FALSE,FALSE,安美,缺貨,其他IP,1/8,
134,,,FALSE,0,0,0,悠子,轟資料夾*2（吊嘎、披外套）,,FALSE,FALSE,FALSE,安美,缺貨,我英,1/8,
135,,,FALSE,0,0,0,悠子,轟黑西（立牌pass),,FALSE,FALSE,FALSE,安美,缺貨,我英,1/8,
338,,1/12,TRUE,180,0,180,悠子,A3拍照背影紙*2,600,TRUE,TRUE,TRUE,全家,賴配,相卡,,台北面交
51,,1/12,TRUE,224,224,448,梅花,里維-最終季拿槍立牌,1600,TRUE,TRUE,TRUE,駿河屋,台新/05109,進巨,1/7,
56,,1/12,TRUE,490,490,980,梅花,里維-臉色慘白立牌,3500,TRUE,TRUE,TRUE,駿河屋,,進巨,1/7,
225,,1/12,TRUE,210,210,420,梅花,里維拿花立牌,1500,TRUE,TRUE,TRUE,駿河屋,台新/05109,進巨,,
295,,1/12,TRUE,308,308,616,梅花,里維正月立牌,2200,TRUE,TRUE,TRUE,K-BOOKS,台新/05109,進巨,,
47,,1/12,TRUE,532,0,532,盛世美顏EU桑,里維-坐在柱子上看書立牌,1900,TRUE,TRUE,TRUE,駿河屋,台新/02573,進巨,1/7,
187,,,FALSE,0,0,0,盛世美顏EU桑,義勇？？？,,FALSE,FALSE,FALSE,安美,未購入,鬼滅,,
192,,1/13,TRUE,880,20,900,莎莎,福袋一包,3000,TRUE,TRUE,TRUE,安美,中信/46923,扭蛋/抽卡,,
40,,,FALSE,240,240,480,透咪歐咖桑♡₊⁺ ,扭蛋-我英零錢包*4(相澤、麗日、綠谷、爆豪),1600,TRUE,TRUE,FALSE,難波,,扭蛋/抽卡,1/7,
49,,,FALSE,0,0,0,婷婷,里維-戰損徽章,800,FALSE,FALSE,FALSE,駿河屋,已被喊走,進巨,1/7,
64,,1/16,TRUE,350,350,700,婷婷,里維-WIT壓克力吊飾,2500,TRUE,TRUE,TRUE,駿河屋,台新/18518,進巨,1/7,
238,,1/16,TRUE,231,231,462,婷婷,里維小時候立牌,1650,TRUE,TRUE,TRUE,安美,台新/18518,進巨,,
242,,1/16,TRUE,308,308,616,婷婷,里維貓貓娃,2200,TRUE,TRUE,TRUE,安美,艾爾文缺貨,進巨,,
292,,1/12,TRUE,308,308,616,媗,里維招財貓水手服立牌,2200,TRUE,TRUE,TRUE,K-BOOKS,台新/84731,進巨,,
294,,,FALSE,0,0,0,媗,艾爾文高腳椅立牌,2200,FALSE,FALSE,FALSE,K-BOOKS,,進巨,,
96,,1/14,TRUE,182,182,364,然,蛇戀-橡膠小吊飾,1300,TRUE,TRUE,TRUE,駿河屋,台新/92045,鬼滅,1/8,
199,,1/22,TRUE,476,476,952,雯雯雯,炭治郎、大哥茶杯,3400,TRUE,TRUE,TRUE,Jump Shop,炭治郎缺貨,鬼滅,,
22,,1/12,TRUE,300,0,300,雲,扭蛋-海賊王迷你模型*2(魯夫、艾斯),1000,TRUE,TRUE,TRUE,難波,中信/04376,扭蛋/抽卡,1/7,
61,,1/12,TRUE,616,616,1232,微冰微糖,里維-靠牆站立牌,4400,TRUE,TRUE,TRUE,駿河屋,中信/17966,進巨,1/7,
171,,1/12,TRUE,120,120,240,微冰微糖,藥師少女扭蛋*2,800,TRUE,TRUE,TRUE,路邊,中信/17966,扭蛋/抽卡,1/9,
222,,1/12,TRUE,420,420,840,微冰微糖,里維GiGo浴衣立牌,3000,TRUE,TRUE,TRUE,駿河屋,中信/17966,進巨,,
223,,1/12,TRUE,602,602,1204,微冰微糖,里維夜行服立牌,4300,TRUE,TRUE,TRUE,駿河屋,中信/17966,進巨,,
226,,1/12,TRUE,168,168,336,微冰微糖,里維棒球立牌,1200,TRUE,TRUE,TRUE,駿河屋,中信/17966,進巨,,
290,,1/12,TRUE,154,154,308,微冰微糖,里維側臉徽章,1100,TRUE,TRUE,TRUE,K-BOOKS,中信/17966,進巨,,
314,,1/12,TRUE,154,154,308,微冰微糖,里維過去未來徽章,1100,TRUE,TRUE,TRUE,K-BOOKS,中信/17966,進巨,,
330,,1/12,TRUE,1260,1260,2520,微冰微糖,里維摸貓立牌,9000,TRUE,TRUE,TRUE,駿河屋,中信/17966,進巨,,
42,,,FALSE,0,0,0,葉天芯,皮克敏泡澡球*4,2000,FALSE,FALSE,FALSE,南海通,未購入,其他IP,1/7,
316,,,FALSE,0,0,0,葉天芯,勇者小隊信箋原畫貼紙盲抽,660,FALSE,FALSE,FALSE,安美,缺貨,其他IP,,
317,,,FALSE,0,0,0,葉天芯,芙莉蓮拿手杖信箋原畫貼紙盲抽,660,FALSE,FALSE,FALSE,安美,缺貨,其他IP,,
5,,1/12,TRUE,150,150,300,蓉蓉,扭蛋-海賊王迷你模型*2（魯夫-藍、紅髮）,1000,TRUE,TRUE,TRUE,難波,台新無卡,扭蛋/抽卡,1/7,
28,,,FALSE,0,0,0,蓉蓉,秋&天使資料夾,550,FALSE,FALSE,FALSE,場販,缺貨,鏈鋸人,1/7,
54,,1/12,TRUE,126,126,252,蓉蓉,里維-最終季皮革徽章,900,TRUE,TRUE,TRUE,駿河屋,台新無卡,進巨,1/7,
65,,1/12,TRUE,308,308,616,蓉蓉,天元-龍年立牌,2200,TRUE,TRUE,TRUE,駿河屋,台新無卡,鬼滅,1/7,
66,,1/12,TRUE,140,140,280,蓉蓉,天元-JS生日徽,1000,TRUE,TRUE,TRUE,駿河屋,台新無卡,鬼滅,1/7,
89,,1/12,TRUE,93,92,185,蓉蓉,五條資料夾,660,TRUE,TRUE,TRUE,大交流展,台新無卡,咒術,1/8,
168,,1/12,TRUE,280,280,560,蓉蓉,五條-Twilight立牌 ,2000,TRUE,TRUE,TRUE,駿河屋,台新無卡,咒術,1/9,
184,,1/12,TRUE,308,308,616,蓉蓉,五條-紅椅王座立牌,2200,TRUE,TRUE,TRUE,駿河屋,台新無卡,咒術,,
185,,1/12,TRUE,294,294,588,蓉蓉,五條-白椅王座立牌,2100,TRUE,TRUE,TRUE,駿河屋,台新無卡,咒術,,
190,,1/12,TRUE,450,450,900,蓉蓉,福袋一包,3000,TRUE,TRUE,TRUE,安美,台新無卡,扭蛋/抽卡,,
206,,1/12,TRUE,62,62,124,蓉蓉,脹相資料夾,440,TRUE,TRUE,TRUE,安美,台新無卡,咒術,,
207,,1/12,TRUE,378,378,756,蓉蓉,義勇資料夾(酒保),2700,TRUE,TRUE,TRUE,駿河屋,台新無卡,咒術,,
252,,1/12,TRUE,350,350,700,蓉蓉,義勇酒保橫式資料夾,2500,TRUE,TRUE,TRUE,駿河屋,台新無卡,鬼滅,,
261,,1/12,TRUE,0,0,0,蓉蓉,天元迷你畫板,300,FALSE,FALSE,FALSE,駿河屋,台新無卡,鬼滅,,
315,,1/12,TRUE,84,84,168,蓉蓉,天元茶杯吊飾,600,TRUE,TRUE,TRUE,駿河屋,台新無卡,鬼滅,,
334,,1/12,TRUE,308,308,616,蓉蓉,五條-大交流展立牌,2200,TRUE,TRUE,TRUE,大交流展,台新無卡,咒術,,
339,,1/12,TRUE,300,300,600,蓉蓉,咒術相卡*10,2000,TRUE,TRUE,TRUE,全家,台新無卡,相卡,,
173,,,FALSE,0,0,0,憬,咒術Ani-Art第五彈徽章抱盒,,FALSE,FALSE,FALSE,安美,缺貨,咒術,1/9,
178,,1/12,TRUE,231,231,462,憬,乙骨書籤,1650,TRUE,TRUE,TRUE,安美,台新/49235,咒術,1/9,
196,,,FALSE,0,0,0,憬,乙骨浴衣立牌,1100,FALSE,FALSE,FALSE,駿河屋,台新/49235,咒術,,
78,,1/14,TRUE,308,308,616,蔡蔡,桃源暗鬼-無陀野娃娃,2200,TRUE,TRUE,TRUE,大交流展,台新/93919,其他IP,1/8,
80,,1/14,TRUE,693,693,1386,蔡蔡,桃源暗鬼小卡盲抽*9,4950,TRUE,TRUE,TRUE,大交流展,台新/93919,其他IP,1/8,
125,,,FALSE,0,0,0,蔡蔡,蘇枋立牌,1320,FALSE,FALSE,FALSE,安美,缺貨,防風,1/8,
129,,,FALSE,0,0,0,蔡蔡,勇者小隊信箋原畫貼紙盲抽,660,FALSE,FALSE,FALSE,安美,缺貨,其他IP,1/8,
133,,1/14,TRUE,124,123,247,蔡蔡,坂本盲抽（貼紙pass)*4,880,TRUE,TRUE,TRUE,安美,台新/93919,坂本,1/8,
136,,,FALSE,0,0,0,蔡蔡,保科紫色立牌,,FALSE,FALSE,FALSE,安美,缺貨,怪8,1/8,
137,,,FALSE,0,0,0,蔡蔡,綠圈立牌 （不是保科pass),,TRUE,FALSE,FALSE,安美,,怪8,1/8,
347,,1/14,TRUE,108,108,216,蔡蔡,防風大透卡(蘇枋),770,TRUE,TRUE,TRUE,大交流展,台新/93919,防風,,跟宸直收
344,,1/13,TRUE,270,270,540,諾姆,原神相卡*6,1800,TRUE,TRUE,TRUE,全家,台新/55815,相卡,,
101,,1/14,TRUE,216,216,432,錚💖💖,防風大透卡盲抽*2,1540,TRUE,TRUE,TRUE,大交流展,中信/62650,防風,1/8,
102,,1/14,TRUE,154,154,308,錚💖💖,防風拍立得盲抽*2,1100,TRUE,TRUE,TRUE,大交流展,中信/62650,防風,1/8,
118,,,FALSE,0,0,0,錚💖💖,錆兔舉左手Q立,1500,FALSE,FALSE,FALSE,駿河屋,缺貨,鬼滅,1/8,
346,,1/14,TRUE,120,120,240,錚💖💖,未定事件簿相卡*4,800,TRUE,TRUE,TRUE,全家,中信/62650,相卡,,
58,,1/12,TRUE,560,560,1120,糯米糰,里維-飛在空中腿很長帥死了立牌,4000,TRUE,TRUE,TRUE,駿河屋,台新/80927,進巨,1/7,
219,,1/12,TRUE,280,280,560,鐵絲,禰豆子任務行腳立牌,2000,TRUE,TRUE,TRUE,駿河屋,中信/60254,鬼滅,,
274,,1/12,TRUE,182,182,364,鐵絲,炭豆星座Q立,1300,TRUE,TRUE,TRUE,駿河屋,中信/60254,鬼滅,,
275,,1/12,TRUE,196,196,392,鐵絲,義勇半側臉金屬徽章,1400,TRUE,TRUE,TRUE,駿河屋,中信/60254,鬼滅,,
39,,1/14,TRUE,90,90,180,露比,扭蛋-NANA唱片*2 ( 9、7 ),600,TRUE,TRUE,TRUE,難波,台新/19562,扭蛋/抽卡,1/7,
239,,1/14,TRUE,490,490,980,露比,漢吉執事立牌,3500,TRUE,TRUE,TRUE,駿河屋,台新/19562,進巨,,
318,,1/14,TRUE,124,123,247,露比,漢吉神獸徽章,880,TRUE,TRUE,TRUE,K-BOOKS,台新/19562,進巨,,
121,,1/16,TRUE,401,400,801,An Yu,進巨 壓克力框,2860,TRUE,TRUE,TRUE,安美,,進巨,1/8,
288,,1/12,TRUE,462,462,924,Apple🦊,里維執事立牌,3300,TRUE,TRUE,TRUE,駿河屋,台新/46630,進巨,,
233,,1/16,TRUE,93,92,185,CC,坂本盲抽*3,660,TRUE,TRUE,TRUE,安美,台新/37015,坂本,,
234,,1/16,TRUE,93,92,185,CC,坂本紙膠帶盲抽*1,660,TRUE,TRUE,TRUE,Jump Shop,台新/37015,坂本,,
350,,1/16,TRUE,252,252,504,ccy,代夾*9(轟娃娃),1800,TRUE,TRUE,TRUE,安美,,我英,,
284,,,FALSE,0,0,0,Cheers🍻,蜜璃雅華立牌,1100,FALSE,FALSE,FALSE,駿河屋,,鬼滅,,
285,,1/12,TRUE,238,238,476,Cheers🍻,蜜璃Q飯友,1700,TRUE,TRUE,TRUE,駿河屋,台新/35064,鬼滅,,
286,,1/12,TRUE,154,154,308,Cheers🍻,小芭內Q飯友,1100,TRUE,TRUE,TRUE,駿河屋,台新/35064,鬼滅,,
287,,1/12,TRUE,252,252,504,Cheers🍻,大哥Q飯友,1800,TRUE,TRUE,TRUE,駿河屋,台新/35064,鬼滅,,
305,,,FALSE,0,0,0,Cheers🍻,時透御朱印風方徽,1600,FALSE,FALSE,FALSE,駿河屋,缺貨,鬼滅,,
55,,1/16,TRUE,308,308,616,Chieh,里維-和酷企鵝一起打掃Q立,2200,TRUE,TRUE,TRUE,駿河屋,,進巨,1/7,
224,,1/16,TRUE,308,308,616,Chieh,里維機長娃娃,2200,TRUE,TRUE,TRUE,駿河屋,,進巨,,
230,,1/16,TRUE,252,252,504,Chieh,里維&肯尼立牌徽章組,1800,TRUE,TRUE,TRUE,駿河屋,,進巨,,
4,,1/9,TRUE,90,90,180,Christy,扭蛋-NANA唱片*2（3、11）,600,TRUE,TRUE,TRUE,難波,台新/30451,扭蛋/抽卡,1/7,
263,,1/12,TRUE,140,140,280,Claire,炭豆無臉Q立,1000,TRUE,TRUE,TRUE,駿河屋,台新/16900,鬼滅,,
95,,1/12,TRUE,124,123,247,David,伊藤潤二-貓咪立牌+木棉花披風（已收全額）,880,TRUE,TRUE,TRUE,伊藤潤二快閃,中信/67869,其他IP,1/8,
147,,,FALSE,0,0,0,Diego,玄彌生日立牌,1980,FALSE,FALSE,FALSE,Jump Shop,缺貨,鬼滅,1/9,
148,,1/12,TRUE,238,238,476,Diego,大哥茶杯,1700,TRUE,TRUE,TRUE,Jump Shop,中信/78578,鬼滅,1/9,
251,,1/12,TRUE,126,126,252,Diego,玄彌2022聖誕立牌,900,TRUE,TRUE,TRUE,駿河屋,中信/78578,鬼滅,,
281,,1/12,TRUE,196,196,392,Diego,大哥扛著桨(?)立牌,1400,TRUE,TRUE,TRUE,駿河屋,中信/78578,鬼滅,,
16,,1/8,TRUE,135,135,270,DoU,扭蛋-NANA唱片*3（12、8、7）,900,TRUE,TRUE,TRUE,難波,台新/28678,扭蛋/抽卡,1/7,
72,,,FALSE,0,0,0,DoU,扭蛋-NANA唱片*5,1500,FALSE,FALSE,FALSE,難波,缺貨,扭蛋/抽卡,1/7,
11,,1/9,TRUE,120,120,240,DYNA,扭蛋-我英零錢包*2（相澤、麗日）,800,TRUE,TRUE,TRUE,難波,台新/61938,扭蛋/抽卡,1/7,
19,,1/9,TRUE,60,60,120,DYNA,扭蛋-我英零錢包*1（爆豪）,400,TRUE,TRUE,TRUE,難波,台新/61938,扭蛋/抽卡,1/7,
8,,1/13,TRUE,90,90,180,Emmaon,扭蛋-NANA唱片*2（6、8）,600,TRUE,TRUE,TRUE,難波,中信/10237,扭蛋/抽卡,1/7,
37,,,FALSE,0,0,0,Emmaon,扭蛋-動物方城市冰棒*3,900,FALSE,FALSE,FALSE,南海通,未購入,扭蛋/抽卡,1/7,
71,,1/13,TRUE,45,45,90,Emmaon,扭蛋-NANA唱片*1 (14),300,TRUE,TRUE,TRUE,難波,中信/10237,扭蛋/抽卡,1/7,
1,,1/11,TRUE,450,0,450,Eren,扭蛋-海賊王迷你模型*3（魯夫、艾斯、紅髮）,1500,TRUE,TRUE,TRUE,難波,台新/14681,扭蛋/抽卡,1/7,原2抽，跟[Hsuan］收紅髮
52,,1/11,TRUE,476,0,476,Eren,米卡莎-抱木頭立牌,1700,TRUE,TRUE,TRUE,駿河屋,台新/14681,進巨,1/7,
60,,1/11,TRUE,224,0,224,Eren,艾連-唐吉訶德派對徽章,800,TRUE,TRUE,TRUE,駿河屋,台新/14681,進巨,1/7,
231,,1/11,TRUE,868,0,868,Eren,艾連睡衣小立牌,3100,TRUE,TRUE,TRUE,駿河屋,台新/14681,進巨,,
232,,1/11,TRUE,700,0,700,Eren,艾連王座立牌,2500,TRUE,TRUE,TRUE,駿河屋,台新/14681,進巨,,
291,,1/11,TRUE,247,0,247,Eren,艾連睡覺徽章,880,TRUE,TRUE,TRUE,K-BOOKS,台新/14681,進巨,,
340,,1/12,TRUE,360,0,360,Erin,銀魂相卡*6,1200,TRUE,TRUE,TRUE,全家,中信/46365,相卡,,
341,,1/12,TRUE,420,0,420,Erin,咒術相卡*7,1400,TRUE,TRUE,TRUE,全家,中信/46365,相卡,,
6,,,FALSE,120,120,240,FFFFF,扭蛋-我英零錢包*2（心操、麗日）,800,TRUE,TRUE,FALSE,難波,,扭蛋/抽卡,1/7,
7,,,FALSE,60,60,120,FFFFF,扭蛋-Pingu束口袋*1（笑笑眼）,400,TRUE,TRUE,FALSE,難波,,扭蛋/抽卡,1/7,
3,,1/12,TRUE,120,0,120,GDX,扭蛋-我英零錢包*1（轟）,400,TRUE,TRUE,TRUE,難波,中信/90468,扭蛋/抽卡,1/7,原相澤、心操，相澤給周那，心操跟TYT換轟
15,,1/12,TRUE,120,0,120,GDX,扭蛋-我英零錢包*1（綠谷）,400,TRUE,TRUE,TRUE,難波,中信/90468,扭蛋/抽卡,1/7,
32,,,FALSE,0,0,0,GDX,扭蛋-動物方城市冰棒*2,600,FALSE,FALSE,FALSE,南海通,未購入,扭蛋/抽卡,1/7,
329,,1/12,TRUE,392,0,392,GDX,轟休息日立牌,1400,TRUE,TRUE,TRUE,駿河屋,中信/90468,我英,,
324,,1/16,TRUE,224,224,448,iLy,義勇浣熊立牌,1600,TRUE,TRUE,TRUE,駿河屋,台新/41993,鬼滅,,
104,,1/14,TRUE,300,101,401,Is,蕾潔透明海報-,1430,TRUE,TRUE,TRUE,大交流展,台新無卡,鏈鋸人,1/8,
153,,1/12,TRUE,231,231,462,JAS,義勇燙金立牌,1650,TRUE,TRUE,TRUE,安美,台新/60526,鬼滅,1/9,
155,,,FALSE,0,0,0,JAS,善逸被吊著小吊飾,,FALSE,FALSE,FALSE,安美,缺貨,鬼滅,1/9,
156,,1/12,TRUE,124,123,247,JAS,義勇台詞貼紙,880,TRUE,TRUE,TRUE,安美,台新/60526,鬼滅,1/9,
157,,1/12,TRUE,124,123,247,JAS,狛治台詞貼紙,880,TRUE,TRUE,TRUE,安美,台新/60526,鬼滅,1/9,
253,,1/12,TRUE,336,336,672,JAS,禰豆子全集中展Q立,2400,TRUE,TRUE,TRUE,駿河屋,台新/60526,鬼滅,,
268,,,FALSE,0,0,0,JAS,義勇拿花Q立,3200,FALSE,FALSE,FALSE,駿河屋,缺貨,鬼滅,,
179,,1/16,TRUE,231,231,462,JT,虎杖、脹相書籤,1650,TRUE,TRUE,TRUE,安美,台新/36629,咒術,,
180,,,FALSE,0,0,0,JT,虎杖、脹相資料夾,,FALSE,FALSE,FALSE,安美,,咒術,,
319,,1/12,TRUE,77,77,154,kikiiiii,艾斯生日徽章,550,TRUE,TRUE,TRUE,Jump Shop,中信/01587,其他IP,,
335,,1/12,TRUE,339,339,678,L.c,日向趴娃,2420,TRUE,TRUE,TRUE,Jump Shop,台新/28853,其他IP,,
20,,1/12,TRUE,250,20,270,light,扭蛋-NANA唱片*3（10、3、12）,900,TRUE,TRUE,TRUE,難波,台新/09363,扭蛋/抽卡,1/7,
254,,,FALSE,0,0,0,light,NANA扭蛋*2,600,FALSE,FALSE,FALSE,難波,未購入,扭蛋/抽卡,,
130,,1/11,TRUE,647,647,1294,Lily莉莉,里維抬頭娃,4620,TRUE,TRUE,TRUE,安美,台新/82224,進巨,1/8,
235,,1/12,TRUE,280,280,560,Lily莉莉,里維GiGo立牌,2000,TRUE,TRUE,TRUE,駿河屋,台新/82224,進巨,,
94,,1/12,TRUE,247,0,247,Ling,伊藤潤二貓咪立牌,880,TRUE,TRUE,TRUE,伊藤潤二快閃,台新/89471,其他IP,1/8,
289,,1/12,TRUE,462,0,462,Ling,漢吉最終季立牌,1650,TRUE,TRUE,TRUE,駿河屋,台新/89471,進巨,,
75,,1/12,TRUE,493,0,493,Ling23,鏈鋸鏡面小相框盲抽*2（蕾潔、帕瓦）,1760,TRUE,TRUE,TRUE,大交流展,台新/28114,鏈鋸人,1/8,
98,,1/12,TRUE,203,198,401,Ling23,蕾潔-透明海報,1430,TRUE,TRUE,TRUE,大交流展,台新/28114,鏈鋸人,1/8,
103,,1/12,TRUE,231,231,462,Ling23,炸彈-半身立牌,1650,TRUE,TRUE,TRUE,大交流展,台新/28114,鏈鋸人,1/8,
105,,1/12,TRUE,308,308,616,Ling23,蕾潔-全身立牌,2200,TRUE,TRUE,TRUE,大交流展,台新/28114,鏈鋸人,1/8,
343,,1/12,TRUE,30,30,60,Ling23,咒術相卡*1,200,TRUE,TRUE,TRUE,全家,台新/28114,相卡,,
217,,1/14,TRUE,62,62,124,LLLLy❤️‍🔥,里維資料夾,440,TRUE,TRUE,TRUE,安美,台新/11277,進巨,,
218,,1/14,TRUE,231,231,462,LLLLy❤️‍🔥,里維紅沙發立牌,1650,TRUE,TRUE,TRUE,安美,台新/11277,進巨,,
220,,1/14,TRUE,616,616,1232,LLLLy❤️‍🔥,里維、米卡莎貓貓娃,4400,TRUE,TRUE,TRUE,安美,台新/11277,進巨,,
248,,1/14,TRUE,196,196,392,LLLLy❤️‍🔥,沖田娃娃,1400,TRUE,TRUE,TRUE,駿河屋,台新/11277,鬼滅,,
300,,1/14,TRUE,93,92,185,LLLLy❤️‍🔥,米卡莎不倒翁,660,TRUE,TRUE,TRUE,K-BOOKS,台新/11277,進巨,,
301,,1/14,TRUE,47,46,93,LLLLy❤️‍🔥,阿爾敏不倒翁,330,TRUE,TRUE,TRUE,K-BOOKS,台新/11277,進巨,,
303,,1/14,TRUE,616,616,1232,LLLLy❤️‍🔥,蛹之里維,4400,TRUE,TRUE,TRUE,K-BOOKS,台新/11277,進巨,,
304,,1/14,TRUE,647,647,1294,LLLLy❤️‍🔥,里維抬頭娃,4620,TRUE,TRUE,TRUE,安美,台新/11277,進巨,,
320,,1/14,TRUE,126,126,252,LLLLy❤️‍🔥,艾連抱枕頭吊飾,900,TRUE,TRUE,TRUE,駿河屋,台新/11277,進巨,,
325,,1/14,TRUE,168,168,336,LLLLy❤️‍🔥,艾連透明杯墊,1200,TRUE,TRUE,TRUE,駿河屋,台新/11277,進巨,,
48,,1/12,TRUE,112,112,224,Luna,里維-戰損徽章,800,TRUE,TRUE,TRUE,駿河屋,中信/56687,進巨,1/7,
33,,,FALSE,0,0,0,Ly,扭蛋-動物方城市冰棒*2,600,FALSE,FALSE,FALSE,南海通,未購入,扭蛋/抽卡,1/7,
138,,,FALSE,0,0,0,Ly,邪視立牌,1700,FALSE,FALSE,FALSE,安美,缺貨,其他IP,1/8,
139,,1/12,TRUE,105,105,210,Ly,邪視吊飾,750,TRUE,TRUE,TRUE,安美,台新/24142,其他IP,1/8,
141,,1/12,TRUE,123,124,247,Ly,豬豬方巾,880,TRUE,TRUE,TRUE,Jump shop,台新/24142,鬼滅,1/8,
210,,1/12,TRUE,210,210,420,Ly,伊之助2020聖誕立牌,1500,TRUE,TRUE,TRUE,駿河屋,台新/24142,鬼滅,,
211,,1/12,TRUE,126,126,252,Ly,伊之助玩偶裝小立牌,900,TRUE,TRUE,TRUE,駿河屋,台新/24142,鬼滅,,
299,,,FALSE,0,0,0,Ly,伊之助茶杯吊飾,900,FALSE,FALSE,FALSE,駿河屋,缺貨,鬼滅,,
323,,1/12,TRUE,168,168,336,Ly,伊之助趴娃,1200,TRUE,TRUE,TRUE,駿河屋,台新/24142,鬼滅,,
117,,1/13,TRUE,167,167,334,mao2,炭治郎-女兒節Q立,1190,TRUE,TRUE,TRUE,駿河屋,台新/12113,鬼滅,1/8,
140,,,FALSE,0,0,0,mao2,義勇徽章,660,FALSE,FALSE,FALSE,安美,缺貨,鬼滅,1/8,
181,,1/13,TRUE,238,238,476,mao2,炭治郎茶杯,1700,TRUE,TRUE,TRUE,安美,台新/12113,鬼滅,,
259,,1/13,TRUE,84,84,168,mao2,炭治郎拿刀vol.1,600,TRUE,TRUE,TRUE,駿河屋,台新/12113,鬼滅,,
109,,1/12,TRUE,280,280,560,Miiyo,實彌-抓甲蟲Q立,2000,TRUE,TRUE,TRUE,駿河屋,台新/48874,鬼滅,1/8,
142,,1/12,TRUE,247,246,493,Miiyo ,保科立牌,1760,TRUE,TRUE,TRUE,安美,台新/48874,怪8,1/9,
143,,1/12,TRUE,247,246,493,Miiyo ,鳴海立牌,1760,TRUE,TRUE,TRUE,安美,台新/48874,怪8,1/9,
237,,1/12,TRUE,1540,0,1540,Minny,米卡莎舞會特大立牌,5500,TRUE,TRUE,TRUE,安美,,進巨,,
144,,1/15,TRUE,385,385,770,Nyx,鏈鋸人小卡盲抽*5,2750,TRUE,TRUE,TRUE,大交流展,中信/51413,鏈鋸人,1/9,特典：淀治、鯊魚
145,,1/15,TRUE,247,246,493,Nyx,鏈鋸人鏡面小相框盲抽*2,1760,TRUE,TRUE,TRUE,大交流展,中信/51413,鏈鋸人,1/9,
146,,1/15,TRUE,216,216,432,Nyx,我英鏡面小相框盲抽*2,1540,TRUE,TRUE,TRUE,大交流展,中信/51413,我英,1/9,
337,,1/12,TRUE,1036,0,1036,ouo hou,爆豪側顏徽章,3700,TRUE,TRUE,TRUE,駿河屋,中信/18704,我英,,
24,,1/16,TRUE,60,60,120,Q3Q,扭蛋-我英零錢包*1(麗日),400,TRUE,TRUE,TRUE,難波,,扭蛋/抽卡,1/7,
46,,1/16,TRUE,420,0,420,qiqi,里維-假面舞會長條吊飾,1500,TRUE,TRUE,TRUE,駿河屋,中信無卡,進巨,1/7,
53,,,FALSE,0,0,0,qiqi,里維-最終季拿槍立牌,1600,FALSE,FALSE,FALSE,駿河屋,已被喊走,進巨,1/7,
306,,1/16,TRUE,80,97,177,qiqi,夏油撐著臉方徽,630,TRUE,TRUE,TRUE,駿河屋,中信無卡,咒術,,
307,,,FALSE,0,0,0,qiqi,夏油吊飾立牌盲抽,858,FALSE,FALSE,FALSE,安美,未購入,咒術,,
308,,,FALSE,0,0,0,qiqi,懷玉Q立盲抽,880,FALSE,FALSE,FALSE,安美,未購入,咒術,,
110,,1/12,TRUE,238,238,476,Sai,實彌-2024環球刀匠村杯墊,1700,TRUE,TRUE,TRUE,駿河屋,台新/26427,鬼滅,1/8,
113,,1/12,TRUE,350,350,700,Sai,天元-極樂湯立牌,2500,TRUE,TRUE,TRUE,駿河屋,台新/26427,鬼滅,1/8,
114,,1/12,TRUE,378,378,756,Sai,煉獄&炭-街道漫步吊飾立牌,2700,TRUE,TRUE,TRUE,駿河屋,台新/26427,鬼滅,1/8,
116,,1/12,TRUE,392,392,784,Sai,炭治郎-東急小立牌,2800,TRUE,TRUE,TRUE,駿河屋,台新/26427,鬼滅,1/8,
169,,1/12,TRUE,280,280,560,Sai,宿儺厭世小立牌,2000,TRUE,TRUE,TRUE,駿河屋,台新/26427,咒術,1/9,
170,,1/12,TRUE,476,476,952,Sai,大哥、炭治郎茶杯各一,3400,TRUE,FALSE,FALSE,Jump Shop,台新/26427,鬼滅,1/9,
188,,1/12,TRUE,450,450,900,Sai,福袋一包,3000,TRUE,TRUE,TRUE,安美,台新/26427,扭蛋/抽卡,,
221,,1/12,TRUE,280,280,560,Sai,炭治郎任務行腳立牌,2000,TRUE,TRUE,TRUE,駿河屋,台新/26427,鬼滅,,
243,,1/12,TRUE,280,280,560,Sai,大哥任務行腳立牌,2000,TRUE,TRUE,TRUE,駿河屋,台新/26427,鬼滅,,
246,,1/12,TRUE,126,126,252,Sai,炭治郎牛年Q立,900,TRUE,TRUE,TRUE,駿河屋,台新/26427,鬼滅,,
247,,1/12,TRUE,210,210,420,Sai,大哥拿刀Q立,1500,TRUE,TRUE,TRUE,駿河屋,台新/26427,鬼滅,,
249,,1/12,TRUE,210,210,420,Sai,實彌吃飯糰立牌,1500,TRUE,TRUE,TRUE,駿河屋,台新/26427,鬼滅,,
250,,1/12,TRUE,70,70,140,Sai,炭治郎無限列車Q立,500,TRUE,TRUE,TRUE,駿河屋,台新/26427,鬼滅,,
267,,1/12,TRUE,308,308,616,Sai,大哥刀吊飾,2200,TRUE,TRUE,TRUE,駿河屋,台新/26427,鬼滅,,
269,,1/12,TRUE,280,280,560,Sai,三哥豆豆眼公仔,2000,TRUE,TRUE,TRUE,駿河屋,台新/26427,鬼滅,,
271,,1/12,TRUE,154,154,308,Sai,大哥豆豆眼公仔,1100,TRUE,TRUE,TRUE,駿河屋,台新/26427,鬼滅,,
272,,1/12,TRUE,168,168,336,Sai,大哥日輪刀+小卡組,1200,TRUE,TRUE,TRUE,駿河屋,台新/26427,鬼滅,,
321,,1/12,TRUE,324,323,647,Sai,咒術透卡盲抽*3,2310,TRUE,TRUE,TRUE,大交流展,台新/26427,咒術,,
336,,1/12,TRUE,910,910,1820,Sai,大哥附娃包的娃,6500,TRUE,TRUE,TRUE,駿河屋,台新/26427,鬼滅,,
342,,1/12,TRUE,330,330,660,Sai,咒術相卡*11,2200,TRUE,TRUE,TRUE,全家,台新/26427,相卡,,
69,,1/13,TRUE,728,728,1456,Shu,L-屈膝立牌,5200,TRUE,TRUE,TRUE,駿河屋,中信/75528,其他IP,1/7,
70,,1/13,TRUE,770,770,1540,Shu,塔矢亮&進藤光 原畫展立牌,5500,TRUE,TRUE,TRUE,駿河屋,中信/75528,其他IP,1/7,
2,,1/14,TRUE,120,120,240,TYT,扭蛋-我英零錢包*2（心操、轟）,800,TRUE,TRUE,TRUE,難波,,扭蛋/抽卡,1/7,原2轟，1跟GDX換心操
50,,1/14,TRUE,448,448,896,TYT,里維-極樂湯立牌,3200,TRUE,TRUE,TRUE,駿河屋,,進巨,1/7,
122,,,FALSE,0,0,0,TYT,拿手杖信箋原畫貼紙盲抽*2 （蹭蹭、寶箱怪）,1320,FALSE,FALSE,FALSE,安美,缺貨,其他IP,1/8,
123,,,FALSE,0,0,0,TYT,勇者小隊信箋原畫貼紙盲抽*2（十字光、施法）,1320,FALSE,FALSE,FALSE,安美,缺貨,其他IP,1/8,
126,,1/14,TRUE,401,400,801,TYT,進巨 壓克力框,2860,TRUE,TRUE,TRUE,安美,,進巨,1/8,
127,,1/14,TRUE,116,115,231,TYT,里維明信片,825,TRUE,TRUE,TRUE,安美,,進巨,1/8,
128,,1/14,TRUE,247,246,493,TYT,進巨搖搖吊飾2抽,1760,TRUE,TRUE,TRUE,安美,,進巨,1/8,
197,,1/14,TRUE,450,450,900,TYT,福袋一包,3000,TRUE,TRUE,TRUE,安美,,扭蛋/抽卡,,
198,,1/14,TRUE,210,210,420,TYT,狗卷吊飾,1500,TRUE,TRUE,TRUE,駿河屋,,咒術,,
200,,1/14,TRUE,238,238,476,TYT,狗卷2024名場面立牌,1700,TRUE,TRUE,TRUE,駿河屋,,咒術,,
201,,1/14,TRUE,168,168,336,TYT,狗卷2023名場面立牌,1200,TRUE,TRUE,TRUE,駿河屋,,咒術,,
202,,1/14,TRUE,98,98,196,TYT,狗卷抬手壓克力卡,700,TRUE,TRUE,TRUE,駿河屋,,咒術,,
203,,,FALSE,0,0,0,TYT,狗卷比耶立牌,1100,FALSE,FALSE,FALSE,駿河屋,缺貨,咒術,,
214,,,FALSE,0,0,0,TYT,失憶投捕扭蛋,800,FALSE,FALSE,FALSE,千日前,未購入,扭蛋/抽卡,,
227,,,FALSE,0,0,0,TYT,里維機長娃娃,2200,FALSE,FALSE,FALSE,駿河屋,已被喊走,進巨,,
236,,,FALSE,0,0,0,TYT,里維拿花立牌,1500,FALSE,FALSE,FALSE,駿河屋,已被喊走,進巨,,
244,,1/14,TRUE,62,62,124,TYT,里維資料夾,440,TRUE,TRUE,TRUE,安美,,進巨,,
245,,1/14,TRUE,139,139,278,TYT,里維小包,990,TRUE,TRUE,TRUE,安美,,進巨,,
309,,1/14,TRUE,924,924,1848,TYT,里維擦玻璃立牌,6600,TRUE,TRUE,TRUE,K-BOOKS,,進巨,,
310,,1/14,TRUE,385,385,770,TYT,里維派對立牌,2750,TRUE,TRUE,TRUE,K-BOOKS,,進巨,,
311,,1/14,TRUE,770,770,1540,TYT,里維方徽*5,5500,TRUE,TRUE,TRUE,K-BOOKS,,進巨,,
312,,,FALSE,0,0,0,TYT,里維執事立牌,3300,FALSE,FALSE,FALSE,K-BOOKS,已被喊走,進巨,,
313,,1/14,TRUE,385,385,770,TYT,里維撞球立牌,2750,TRUE,TRUE,TRUE,K-BOOKS,,進巨,,
326,,1/12,TRUE,238,238,476,Tzu Tsai,大哥有腮紅的娃,1700,TRUE,TRUE,TRUE,駿河屋,中信/63742,鬼滅,,
327,,,FALSE,0,0,0,Tzu Tsai,玄彌生日立牌,1980,FALSE,FALSE,FALSE,Jump Shop,缺貨,鬼滅,,
328,,1/12,TRUE,285,285,570,Tzu Tsai,大哥浣熊娃,1900,TRUE,TRUE,TRUE,駿河屋,中信/63742,鬼滅,,
256,,1/13,TRUE,247,0,247,XYZ,禰豆子方巾,880,TRUE,TRUE,TRUE,Jump Shop,台新/00153,鬼滅,,台北面交
349,,1/10,TRUE,336,0,336,yuchii,代夾*6,1200,TRUE,TRUE,TRUE,安美,中信/60181,我英,,
38,,2/11,TRUE,180,180,360,yuchii ,扭蛋-我英零錢包*3(綠谷、麗日、爆豪),1200,TRUE,TRUE,TRUE,難波,,扭蛋/抽卡,1/7,
12,,1/13,TRUE,98,22,120,Yum,扭蛋-狗狗包*1（咖色束口袋）,400,TRUE,TRUE,TRUE,難波,中信/38208,扭蛋/抽卡,1/7,
13,,1/13,TRUE,150,0,150,Yum,扭蛋-一坨貓*1（浣熊）,500,TRUE,TRUE,TRUE,難波,中信/38208,扭蛋/抽卡,1/7,
57,,1/13,TRUE,336,0,336,Yum,艾連里維-壓克力板,1200,TRUE,TRUE,TRUE,駿河屋,中信/38208,進巨,1/7,
131,,1/13,TRUE,616,0,616,Yum,米卡莎貓貓娃,2200,TRUE,TRUE,TRUE,安美,中信/38208,進巨,1/8,
208,,,FALSE,0,0,0,Yum,安室立牌,,FALSE,FALSE,FALSE,安美,未購入,其他IP,,
209,,,FALSE,0,0,0,Yum,小立牌盲抽,,FALSE,FALSE,FALSE,安美,未購入,其他IP,,
260,,,FALSE,0,0,0,Yum,藥師少女扭蛋*1,400,FALSE,FALSE,FALSE,路邊,未購入,其他IP,,
322,,,FALSE,0,0,0,Yummii,玄彌生日立牌,1980,FALSE,FALSE,FALSE,Jump Shop,缺貨,鬼滅,,
331,,,FALSE,0,0,0,Yummii,大哥、炭志郎茶杯,3400,FALSE,FALSE,FALSE,Jump Shop,缺貨,鬼滅,,
9,,1/13,TRUE,120,120,240,YUUUUU,扭蛋-Pingu束口袋*2（藍包、Wink）,800,TRUE,TRUE,TRUE,難波,,扭蛋/抽卡,1/7,
30,,1/13,TRUE,339,339,678,YUUUUU,長腿Kitty（黑裙）,2420,TRUE,TRUE,TRUE,南海通,,其他IP,1/7,
86,,1/13,TRUE,432,431,863,YUUUUU,防風大透卡盲抽*4（櫻遙/梶蓮/蘇枋/桐生）,3080,TRUE,TRUE,TRUE,大交流展,,防風,1/8,
87,,1/13,TRUE,770,770,1540,YUUUUU,防風大壓克力磚,5500,TRUE,TRUE,TRUE,大交流展,,防風,1/8,
91,,1/13,TRUE,308,308,616,YUUUUU,鏈鋸小卡盲抽*4,2200,TRUE,TRUE,TRUE,大交流展,,鏈鋸人,1/8,
172,,1/13,TRUE,308,308,616,YUUUUU,狗卷-白椅王座立牌,2200,TRUE,TRUE,TRUE,駿河屋,,咒術,1/9,
174,,,FALSE,0,0,0,YUUUUU,櫻遙吃烤串資料夾,,FALSE,FALSE,FALSE,安美,缺貨,防風,1/9,
175,,1/13,TRUE,124,123,247,YUUUUU,蘇枋端食物資料夾,880,TRUE,TRUE,TRUE,安美,,防風,1/9,
176,,1/13,TRUE,124,123,247,YUUUUU,梶蓮喝飲料資料夾,880,TRUE,TRUE,TRUE,安美,,防風,1/9,
177,,1/13,TRUE,77,77,154,YUUUUU,蘇枋和服資料夾,550,TRUE,TRUE,TRUE,安美,,防風,1/9,
191,,1/13,TRUE,450,450,900,YUUUUU,福袋一包,3000,TRUE,TRUE,TRUE,安美,,扭蛋/抽卡,,
215,,,FALSE,0,0,0,YUUUUU,梶蓮資料夾,1650,FALSE,FALSE,FALSE,安美,超過預算,防風,,
124,,1/12,TRUE,647,647,1294,YYYY.,里維抬頭娃,4620,TRUE,TRUE,TRUE,安美,中信/39258,進巨,1/8,190+70保定457
31,,1/16,TRUE,647,647,1294,YYアイラ,艾連抬頭娃,4620,TRUE,TRUE,TRUE,南海通,,進巨,1/7,
302,,,FALSE,0,0,0,zano,五條公仔,,FALSE,FALSE,FALSE,安美,未購入,咒術,,
297,,,FALSE,0,0,0,Zoe,里維拿花立牌,1500,FALSE,FALSE,FALSE,駿河屋,已被喊走,進巨,,
298,,,FALSE,0,0,0,Zoe,里維GIGO和服立牌,3000,FALSE,FALSE,FALSE,駿河屋,已被喊走,進巨,,
351,,,FALSE,0,0,0,,,,FALSE,FALSE,FALSE,,,,,
352,,,FALSE,0,0,0,,,,FALSE,FALSE,FALSE,,,,,
353,,,FALSE,0,0,0,,,,FALSE,FALSE,FALSE,,,,,
354,,,FALSE,0,0,0,,,,FALSE,FALSE,FALSE,,,,,
355,,,FALSE,0,0,0,,,,FALSE,FALSE,FALSE,,,,,
356,,,FALSE,0,0,0,,,,FALSE,FALSE,FALSE,,,,,
357,,,FALSE,0,0,0,,,,FALSE,FALSE,FALSE,,,,,
358,,,FALSE,0,0,0,,,,FALSE,FALSE,FALSE,,,,,
359,,,FALSE,0,0,0,,,,FALSE,FALSE,FALSE,,,,,
360,,,FALSE,0,0,0,,,,FALSE,FALSE,FALSE,,,,,
361,,,FALSE,0,0,0,,,,FALSE,FALSE,FALSE,,,,,
362,,,FALSE,0,0,0,,,,FALSE,FALSE,FALSE,,,,,
363,,,FALSE,0,0,0,,,,FALSE,FALSE,FALSE,,,,,
364,,,FALSE,0,0,0,,,,FALSE,FALSE,FALSE,,,,,
365,,,FALSE,0,0,0,,,,FALSE,FALSE,FALSE,,,,,
366,,,FALSE,0,0,0,,,,FALSE,FALSE,FALSE,,,,,
367,,,FALSE,0,0,0,,,,FALSE,FALSE,FALSE,,,,,
368,,,FALSE,0,0,0,,,,FALSE,FALSE,FALSE,,,,,
369,,,FALSE,0,0,0,,,,FALSE,FALSE,FALSE,,,,,
370,,,FALSE,0,0,0,,,,FALSE,FALSE,FALSE,,,,,
371,,,FALSE,0,0,0,,,,FALSE,FALSE,FALSE,,,,,
372,,,FALSE,0,0,0,,,,FALSE,FALSE,FALSE,,,,,
373,,,FALSE,0,0,0,,,,FALSE,FALSE,FALSE,,,,,
374,,,FALSE,0,0,0,,,,FALSE,FALSE,FALSE,,,,,
375,,,FALSE,0,0,0,,,,FALSE,FALSE,FALSE,,,,,
376,,,FALSE,0,0,0,,,,FALSE,FALSE,FALSE,,,,,
377,,,FALSE,0,0,0,,,,FALSE,FALSE,FALSE,,,,,
378,,,FALSE,0,0,0,,,,FALSE,FALSE,FALSE,,,,,
379,,,FALSE,0,0,0,,,,FALSE,FALSE,FALSE,,,,,
380,,,FALSE,0,0,0,,,,FALSE,FALSE,FALSE,,,,,
381,,,FALSE,0,0,0,,,,FALSE,FALSE,FALSE,,,,,
382,,,FALSE,0,0,0,,,,FALSE,FALSE,FALSE,,,,,
383,,,FALSE,0,0,0,,,,FALSE,FALSE,FALSE,,,,,
384,,,FALSE,0,0,0,,,,FALSE,FALSE,FALSE,,,,,
385,,,FALSE,0,0,0,,,,FALSE,FALSE,FALSE,,,,,
386,,,FALSE,0,0,0,,,,FALSE,FALSE,FALSE,,,,,
387,,,FALSE,0,0,0,,,,FALSE,FALSE,FALSE,,,,,
388,,,FALSE,0,0,0,,,,FALSE,FALSE,FALSE,,,,,
389,,,FALSE,0,0,0,,,,FALSE,FALSE,FALSE,,,,,
390,,,FALSE,0,0,0,,,,FALSE,FALSE,FALSE,,,,,
391,,,FALSE,0,0,0,,,,FALSE,FALSE,FALSE,,,,,
392,,,FALSE,0,0,0,,,,FALSE,FALSE,FALSE,,,,,
393,,,FALSE,0,0,0,,,,FALSE,FALSE,FALSE,,,,,
394,,,FALSE,0,0,0,,,,FALSE,FALSE,FALSE,,,,,
395,,,FALSE,0,0,0,,,,FALSE,FALSE,FALSE,,,,,
396,,,FALSE,0,0,0,,,,FALSE,FALSE,FALSE,,,,,
397,,,FALSE,0,0,0,,,,FALSE,FALSE,FALSE,,,,,
398,,,FALSE,0,0,0,,,,FALSE,FALSE,FALSE,,,,,
399,,,FALSE,0,0,0,,,,FALSE,FALSE,FALSE,,,,,
400,,,FALSE,0,0,0,,,,FALSE,FALSE,FALSE,,,,,
401,,,FALSE,0,0,0,,,,FALSE,FALSE,FALSE,,,,,
402,,,FALSE,0,0,0,,,,FALSE,FALSE,FALSE,,,,,
403,,,FALSE,0,0,0,,,,FALSE,FALSE,FALSE,,,,,
404,,,FALSE,0,0,0,,,,FALSE,FALSE,FALSE,,,,,
405,,,FALSE,0,0,0,,,,FALSE,FALSE,FALSE,,,,,
406,,,FALSE,0,0,0,,,,FALSE,FALSE,FALSE,,,,,
407,,,FALSE,0,0,0,,,,FALSE,FALSE,FALSE,,,,,
408,,,FALSE,0,0,0,,,,FALSE,FALSE,FALSE,,,,,
409,,,FALSE,0,0,0,,,,FALSE,FALSE,FALSE,,,,,
410,,,FALSE,0,0,0,,,,FALSE,FALSE,FALSE,,,,,
411,,,FALSE,0,0,0,,,,FALSE,FALSE,FALSE,,,,,
412,,,FALSE,0,0,0,,,,FALSE,FALSE,FALSE,,,,,
413,,,FALSE,0,0,0,,,,FALSE,FALSE,FALSE,,,,,
414,,,FALSE,0,0,0,,,,FALSE,FALSE,FALSE,,,,,
415,,,FALSE,0,0,0,,,,FALSE,FALSE,FALSE,,,,,
416,,,FALSE,0,0,0,,,,FALSE,FALSE,FALSE,,,,,
417,,,FALSE,0,0,0,,,,FALSE,FALSE,FALSE,,,,,
418,,,FALSE,0,0,0,,,,FALSE,FALSE,FALSE,,,,,
419,,,FALSE,0,0,0,,,,FALSE,FALSE,FALSE,,,,,
420,,,FALSE,0,0,0,,,,FALSE,FALSE,FALSE,,,,,
421,,,FALSE,0,0,0,,,,FALSE,FALSE,FALSE,,,,,
422,,,FALSE,0,0,0,,,,FALSE,FALSE,FALSE,,,,,
423,,,FALSE,0,0,0,,,,FALSE,FALSE,FALSE,,,,,
424,,,FALSE,0,0,0,,,,FALSE,FALSE,FALSE,,,,,
425,,,FALSE,0,0,0,,,,FALSE,FALSE,FALSE,,,,,
426,,,FALSE,0,0,0,,,,FALSE,FALSE,FALSE,,,,,
427,,,FALSE,0,0,0,,,,FALSE,FALSE,FALSE,,,,,
428,,,FALSE,0,0,0,,,,FALSE,FALSE,FALSE,,,,,
429,,,FALSE,0,0,0,,,,FALSE,FALSE,FALSE,,,,,
430,,,FALSE,0,0,0,,,,FALSE,FALSE,FALSE,,,,,
431,,,FALSE,0,0,0,,,,FALSE,FALSE,FALSE,,,,,
432,,,FALSE,0,0,0,,,,FALSE,FALSE,FALSE,,,,,
433,,,FALSE,0,0,0,,,,FALSE,FALSE,FALSE,,,,,
434,,,FALSE,0,0,0,,,,FALSE,FALSE,FALSE,,,,,
435,,,FALSE,0,0,0,,,,FALSE,FALSE,FALSE,,,,,
436,,,FALSE,0,0,0,,,,FALSE,FALSE,FALSE,,,,,
437,,,FALSE,0,0,0,,,,FALSE,FALSE,FALSE,,,,,
438,,,FALSE,0,0,0,,,,FALSE,FALSE,FALSE,,,,,
439,,,FALSE,0,0,0,,,,FALSE,FALSE,FALSE,,,,,
440,,,FALSE,0,0,0,,,,FALSE,FALSE,FALSE,,,,,
441,,,FALSE,0,0,0,,,,FALSE,FALSE,FALSE,,,,,
442,,,FALSE,0,0,0,,,,FALSE,FALSE,FALSE,,,,,
443,,,FALSE,0,0,0,,,,FALSE,FALSE,FALSE,,,,,
444,,,FALSE,0,0,0,,,,FALSE,FALSE,FALSE,,,,,
445,,,FALSE,0,0,0,,,,FALSE,FALSE,FALSE,,,,,
446,,,FALSE,0,0,0,,,,FALSE,FALSE,FALSE,,,,,
447,,,FALSE,0,0,0,,,,FALSE,FALSE,FALSE,,,,,
448,,,FALSE,0,0,0,,,,FALSE,FALSE,FALSE,,,,,
449,,,FALSE,0,0,0,,,,FALSE,FALSE,FALSE,,,,,
450,,,FALSE,0,0,0,,,,FALSE,FALSE,FALSE,,,,,
451,,,FALSE,0,0,0,,,,FALSE,FALSE,FALSE,,,,,
452,,,FALSE,0,0,0,,,,FALSE,FALSE,FALSE,,,,,
453,,,FALSE,0,0,0,,,,FALSE,FALSE,FALSE,,,,,
454,,,FALSE,0,0,0,,,,FALSE,FALSE,FALSE,,,,,
455,,,FALSE,0,0,0,,,,FALSE,FALSE,FALSE,,,,,
456,,,FALSE,0,0,0,,,,FALSE,FALSE,FALSE,,,,,
457,,,FALSE,0,0,0,,,,FALSE,FALSE,FALSE,,,,,
458,,,FALSE,0,0,0,,,,FALSE,FALSE,FALSE,,,,,
459,,,FALSE,0,0,0,,,,FALSE,FALSE,FALSE,,,,,
460,,,FALSE,0,0,0,,,,FALSE,FALSE,FALSE,,,,,
461,,,FALSE,0,0,0,,,,FALSE,FALSE,FALSE,,,,,
462,,,FALSE,0,0,0,,,,FALSE,FALSE,FALSE,,,,,
463,,,FALSE,0,0,0,,,,FALSE,FALSE,FALSE,,,,,
464,,,FALSE,0,0,0,,,,FALSE,FALSE,FALSE,,,,,
465,,,FALSE,0,0,0,,,,FALSE,FALSE,FALSE,,,,,
466,,,FALSE,0,0,0,,,,FALSE,FALSE,FALSE,,,,,
467,,,FALSE,0,0,0,,,,FALSE,FALSE,FALSE,,,,,
468,,,FALSE,0,0,0,,,,FALSE,FALSE,FALSE,,,,,
469,,,FALSE,0,0,0,,,,FALSE,FALSE,FALSE,,,,,
470,,,FALSE,0,0,0,,,,FALSE,FALSE,FALSE,,,,,
471,,,FALSE,0,0,0,,,,FALSE,FALSE,FALSE,,,,,
472,,,FALSE,0,0,0,,,,FALSE,FALSE,FALSE,,,,,
473,,,FALSE,0,0,0,,,,FALSE,FALSE,FALSE,,,,,
474,,,FALSE,0,0,0,,,,FALSE,FALSE,FALSE,,,,,
475,,,FALSE,0,0,0,,,,FALSE,FALSE,FALSE,,,,,
476,,,FALSE,0,0,0,,,,FALSE,FALSE,FALSE,,,,,
477,,,FALSE,0,0,0,,,,FALSE,FALSE,FALSE,,,,,
478,,,FALSE,0,0,0,,,,FALSE,FALSE,FALSE,,,,,
479,,,FALSE,0,0,0,,,,FALSE,FALSE,FALSE,,,,,
480,,,FALSE,0,0,0,,,,FALSE,FALSE,FALSE,,,,,
481,,,FALSE,0,0,0,,,,FALSE,FALSE,FALSE,,,,,
482,,,FALSE,0,0,0,,,,FALSE,FALSE,FALSE,,,,,
483,,,FALSE,0,0,0,,,,FALSE,FALSE,FALSE,,,,,
484,,,FALSE,0,0,0,,,,FALSE,FALSE,FALSE,,,,,
485,,,FALSE,0,0,0,,,,FALSE,FALSE,FALSE,,,,,
486,,,FALSE,0,0,0,,,,FALSE,FALSE,FALSE,,,,,
487,,,FALSE,0,0,0,,,,FALSE,FALSE,FALSE,,,,,
488,,,FALSE,0,0,0,,,,FALSE,FALSE,FALSE,,,,,
489,,,FALSE,0,0,0,,,,FALSE,FALSE,FALSE,,,,,
490,,,FALSE,0,0,0,,,,FALSE,FALSE,FALSE,,,,,